date,Low,High
1/11/2021,1.2132,1.2227
1/12/2021,1.2136,1.2211
1/13/2021,1.214,1.2224
1/14/2021,1.2111,1.218
1/15/2021,1.2074,1.2163
1/18/2021,1.2054,1.2091
1/19/2021,1.2074,1.2146
1/20/2021,1.2077,1.2159
1/21/2021,1.2102,1.2175
1/22/2021,1.2151,1.2191
1/25/2021,1.2115,1.2184
1/26/2021,1.2108,1.2176
1/27/2021,1.2057,1.2171
1/28/2021,1.2079,1.2142
1/29/2021,1.2093,1.2157
2/01/2021,1.2054,1.2146
2/02/2021,1.2011,1.2089
2/03/2021,1.2003,1.2051
2/04/2021,1.1957,1.2043
2/05/2021,1.1952,1.2051
2/08/2021,1.2018,1.2067
2/09/2021,1.2045,1.2123
2/10/2021,1.2108,1.2144
2/11/2021,1.2113,1.215
2/12/2021,1.2081,1.2136
2/15/2021,1.2116,1.2146
2/16/2021,1.2095,1.2171
2/17/2021,1.2022,1.2111
2/18/2021,1.2035,1.2096
2/19/2021,1.2081,1.2145
2/22/2021,1.2091,1.2171
2/23/2021,1.2135,1.218
2/24/2021,1.2109,1.2176
2/25/2021,1.2155,1.2243
2/26/2021,1.2062,1.2186
3/01/2021,1.2027,1.2102
3/02/2021,1.1991,1.2095
3/03/2021,1.2043,1.2114
3/04/2021,1.1961,1.2068
3/05/2021,1.1894,1.1978
3/08/2021,1.1844,1.1933
3/09/2021,1.1835,1.1917
3/10/2021,1.1869,1.1931
3/11/2021,1.1915,1.1991
3/12/2021,1.191,1.199
3/15/2021,1.1911,1.1969
3/16/2021,1.1882,1.1953
3/17/2021,1.1886,1.1986
3/18/2021,1.1906,1.199
3/19/2021,1.1873,1.1939
3/22/2021,1.1871,1.1948
3/23/2021,1.1841,1.1942
3/24/2021,1.1809,1.1854
3/25/2021,1.1761,1.1829
3/26/2021,1.1763,1.1806
3/29/2021,1.1761,1.1797
3/30/2021,1.1712,1.1774
3/31/2021,1.1704,1.1761
4/01/2021,1.1713,1.178
4/02/2021,1.1749,1.1788
4/05/2021,1.1738,1.182
4/06/2021,1.1795,1.1879
4/07/2021,1.186,1.1915
4/08/2021,1.186,1.1928
4/09/2021,1.1867,1.1921
4/12/2021,1.1871,1.192
4/13/2021,1.1879,1.1957
4/14/2021,1.1947,1.1988
4/15/2021,1.1955,1.1995
4/16/2021,1.195,1.1995
4/19/2021,1.1942,1.2049
4/20/2021,1.2022,1.2081
4/21/2021,1.1998,1.2045
4/22/2021,1.1993,1.2071
4/23/2021,1.2012,1.21
4/26/2021,1.206,1.2117
4/27/2021,1.2056,1.2094
4/28/2021,1.2056,1.2136
4/29/2021,1.2102,1.2151
4/30/2021,1.2016,1.2128
5/03/2021,1.2013,1.2077
5/04/2021,1.1999,1.2066
5/05/2021,1.1986,1.2028
5/06/2021,1.1993,1.2073
5/07/2021,1.2053,1.2173
5/10/2021,1.2128,1.2178
5/11/2021,1.2123,1.2182
5/12/2021,1.2065,1.2153
5/13/2021,1.2051,1.2108
5/14/2021,1.2071,1.2151
5/17/2021,1.2125,1.217
5/18/2021,1.2151,1.2235
5/19/2021,1.2159,1.2245
5/20/2021,1.2169,1.223
5/21/2021,1.2161,1.2241
5/24/2021,1.2172,1.2231
5/25/2021,1.2211,1.2267
5/26/2021,1.2182,1.2264
5/27/2021,1.2175,1.2216
5/28/2021,1.2132,1.2205
5/31/2021,1.2183,1.2233
6/01/2021,1.2211,1.2255
6/02/2021,1.2163,1.2228
6/03/2021,1.2117,1.2216
6/04/2021,1.2104,1.2187
6/07/2021,1.2144,1.2203
6/08/2021,1.2163,1.2196
6/09/2021,1.2171,1.2219
6/10/2021,1.2142,1.2195
6/11/2021,1.2093,1.2196
6/14/2021,1.2094,1.2131
6/15/2021,1.21,1.2149
6/16/2021,1.1994,1.2136
6/17/2021,1.1892,1.2007
6/18/2021,1.1847,1.1927
6/21/2021,1.1847,1.1922
6/22/2021,1.1881,1.1954
6/23/2021,1.1911,1.1971
6/24/2021,1.1917,1.1957
6/25/2021,1.1926,1.1976
6/28/2021,1.1902,1.1946
6/29/2021,1.1877,1.1933
6/30/2021,1.1845,1.191
7/01/2021,1.1837,1.1885
7/02/2021,1.1807,1.1875
7/05/2021,1.1851,1.1881
7/06/2021,1.1807,1.1896
7/07/2021,1.1782,1.1839
7/08/2021,1.1783,1.1869
7/09/2021,1.1825,1.1882
7/12/2021,1.1835,1.1881
7/13/2021,1.1772,1.1876
7/14/2021,1.1772,1.1839
7/15/2021,1.1795,1.1852
7/16/2021,1.1792,1.1823
7/19/2021,1.1764,1.1825
7/20/2021,1.1755,1.1805
7/21/2021,1.1752,1.1806
7/22/2021,1.1757,1.1831
7/23/2021,1.1753,1.1788
7/26/2021,1.1763,1.1818
7/27/2021,1.177,1.1841
7/28/2021,1.1773,1.1851
7/29/2021,1.1841,1.1894
7/30/2021,1.1851,1.191
8/02/2021,1.1858,1.1898
8/03/2021,1.1853,1.1894
8/04/2021,1.1833,1.19
8/05/2021,1.1828,1.1858
8/06/2021,1.1753,1.1837
8/09/2021,1.1734,1.177
8/10/2021,1.171,1.1744
8/11/2021,1.1706,1.1753
8/12/2021,1.1724,1.1749
8/13/2021,1.1728,1.1806
8/16/2021,1.1767,1.1801
8/17/2021,1.1708,1.1786
8/18/2021,1.1694,1.1743
8/19/2021,1.1666,1.1717
8/20/2021,1.1664,1.1706
8/23/2021,1.1692,1.1751
8/24/2021,1.1727,1.1766
8/25/2021,1.1726,1.1776
8/26/2021,1.1746,1.178
8/27/2021,1.1734,1.1803
8/30/2021,1.1782,1.1811
8/31/2021,1.1795,1.1848
9/01/2021,1.1793,1.1858
9/02/2021,1.1834,1.1877
9/03/2021,1.1866,1.191
9/06/2021,1.1855,1.1888
9/07/2021,1.1837,1.1886
9/08/2021,1.1801,1.1852
9/09/2021,1.1805,1.1843
9/10/2021,1.1809,1.1852
9/13/2021,1.177,1.1818
9/14/2021,1.1799,1.1847
9/15/2021,1.1799,1.1833
9/16/2021,1.1751,1.1822
9/17/2021,1.1724,1.179
9/20/2021,1.17,1.1737
9/21/2021,1.1715,1.1751
9/22/2021,1.1684,1.1757
9/23/2021,1.1683,1.1751
9/24/2021,1.17,1.1749
9/27/2021,1.1685,1.1728
9/28/2021,1.1668,1.1704
9/29/2021,1.1589,1.1691
9/30/2021,1.1562,1.1612
10/01/2021,1.1563,1.1608
10/04/2021,1.1587,1.1641
10/05/2021,1.158,1.1623
10/06/2021,1.1529,1.1605
10/07/2021,1.1548,1.1572
10/08/2021,1.154,1.1586
10/11/2021,1.1549,1.1588
10/12/2021,1.1524,1.1571
10/13/2021,1.1527,1.1598
10/14/2021,1.1584,1.1625
10/15/2021,1.1588,1.162
10/18/2021,1.1571,1.1624
10/19/2021,1.1608,1.167
10/20/2021,1.1616,1.166
10/21/2021,1.162,1.1668
10/22/2021,1.162,1.1656
10/25/2021,1.159,1.1666
10/26/2021,1.1585,1.1627
10/27/2021,1.1585,1.1627
10/28/2021,1.1582,1.1693
10/29/2021,1.1534,1.1691
11/01/2021,1.1546,1.161
11/02/2021,1.1574,1.1614
11/03/2021,1.1562,1.1617
11/04/2021,1.1528,1.1618
11/05/2021,1.1513,1.1574
11/08/2021,1.155,1.1595
11/09/2021,1.157,1.161
11/10/2021,1.1475,1.1597
11/11/2021,1.1443,1.1489
11/12/2021,1.1433,1.1463
11/15/2021,1.1355,1.1465
11/16/2021,1.1309,1.1387
11/17/2021,1.1264,1.1333
11/18/2021,1.1313,1.1375
11/19/2021,1.125,1.1374
11/22/2021,1.123,1.1292
11/23/2021,1.1226,1.1275
11/24/2021,1.1186,1.1256
11/25/2021,1.1198,1.1231
11/26/2021,1.1205,1.1332
11/29/2021,1.1258,1.1316
11/30/2021,1.1235,1.1384
12/01/2021,1.1302,1.1361
12/02/2021,1.1294,1.1349
12/03/2021,1.1266,1.1334
12/06/2021,1.1266,1.1321
12/07/2021,1.1228,1.1301
12/08/2021,1.1265,1.1355
12/09/2021,1.1278,1.1348
12/10/2021,1.1265,1.1325
12/13/2021,1.126,1.1321
12/14/2021,1.1253,1.1327
12/15/2021,1.1222,1.13
12/16/2021,1.1281,1.1361
12/17/2021,1.1235,1.1349
12/20/2021,1.1234,1.1305
12/21/2021,1.1261,1.1304
12/22/2021,1.1264,1.1343
12/23/2021,1.129,1.1343
12/24/2021,1.1303,1.1345
12/27/2021,1.1303,1.1335
12/28/2021,1.1289,1.1334
12/29/2021,1.1273,1.137
12/30/2021,1.1298,1.1361
12/31/2021,1.1303,1.1387
1/03/2022,1.128,1.1381
1/04/2022,1.1271,1.1324
1/05/2022,1.1277,1.1347
1/06/2022,1.1285,1.1332
1/07/2022,1.129,1.1366
1/10/2022,1.1285,1.1362
1/11/2022,1.1313,1.1376
1/12/2022,1.1354,1.1454
1/13/2022,1.1435,1.1483
1/14/2022,1.1398,1.1484
1/17/2022,1.1391,1.1435
1/18/2022,1.1314,1.1423
1/19/2022,1.1318,1.1357
1/20/2022,1.1303,1.137
1/21/2022,1.1301,1.1361
1/24/2022,1.129,1.1346
1/25/2022,1.1263,1.133
1/26/2022,1.1235,1.1311
1/27/2022,1.1132,1.1245
1/28/2022,1.1121,1.1174
1/31/2022,1.1138,1.1248
2/01/2022,1.1221,1.128
2/02/2022,1.1266,1.1331
2/03/2022,1.1267,1.1452
2/04/2022,1.1411,1.1485
2/07/2022,1.1414,1.1469
2/08/2022,1.1395,1.145
2/09/2022,1.1402,1.1449
2/10/2022,1.1374,1.1496
2/11/2022,1.133,1.1431
2/14/2022,1.128,1.137
2/15/2022,1.1302,1.1369
2/16/2022,1.1345,1.1397
2/17/2022,1.1323,1.1387
2/18/2022,1.1314,1.1378
2/21/2022,1.1306,1.1391
2/22/2022,1.1288,1.1368
2/23/2022,1.1301,1.136
2/24/2022,1.1106,1.1313
2/25/2022,1.1166,1.1275
2/28/2022,1.1122,1.1247
3/01/2022,1.109,1.1234
3/02/2022,1.1057,1.1147
3/03/2022,1.1033,1.1125
3/04/2022,1.0886,1.1069
3/07/2022,1.0806,1.0953
3/08/2022,1.0848,1.096
3/09/2022,1.089,1.1096
3/10/2022,1.0976,1.1122
3/11/2022,1.0902,1.1044
3/14/2022,1.0901,1.0995
3/15/2022,1.0926,1.1021
3/16/2022,1.0949,1.1048
3/17/2022,1.1008,1.1139
3/18/2022,1.1003,1.112
3/21/2022,1.101,1.1071
3/22/2022,1.096,1.1047
3/23/2022,1.0964,1.1045
3/24/2022,1.0965,1.1014
3/25/2022,1.0979,1.1039
3/28/2022,1.0944,1.1001
3/29/2022,1.097,1.1138
3/30/2022,1.1083,1.1172
3/31/2022,1.1061,1.1186
4/01/2022,1.1027,1.1077
4/04/2022,1.096,1.1056
4/05/2022,1.09,1.0989
4/06/2022,1.0874,1.0939
4/07/2022,1.0865,1.0939
4/08/2022,1.0836,1.0892
4/11/2022,1.0873,1.0951
4/12/2022,1.0821,1.0905
4/13/2022,1.0808,1.0896
4/14/2022,1.0757,1.0925
4/15/2022,1.0796,1.0831
4/18/2022,1.077,1.0823
4/19/2022,1.0761,1.0815
4/20/2022,1.0784,1.0867
4/21/2022,1.0824,1.0937
4/22/2022,1.077,1.0852
4/25/2022,1.0697,1.0843
4/26/2022,1.0636,1.074
4/27/2022,1.0514,1.0656
4/28/2022,1.0471,1.0566
4/29/2022,1.0491,1.0593
5/02/2022,1.049,1.0569
5/03/2022,1.0492,1.0579
5/04/2022,1.0505,1.0631
5/05/2022,1.0493,1.0643
5/06/2022,1.0482,1.0601
5/09/2022,1.0495,1.0594
5/10/2022,1.0525,1.0586
5/11/2022,1.0502,1.0578
5/12/2022,1.0354,1.053
5/13/2022,1.0349,1.0421
5/16/2022,1.0389,1.0444
5/17/2022,1.0429,1.0556
5/18/2022,1.046,1.0564
5/19/2022,1.0461,1.0608
5/20/2022,1.0532,1.06
5/23/2022,1.0558,1.0699
5/24/2022,1.0661,1.0749
5/25/2022,1.0642,1.074
5/26/2022,1.0662,1.0732
5/27/2022,1.0697,1.0766
5/30/2022,1.0726,1.0787
5/31/2022,1.0679,1.078
6/01/2022,1.0627,1.0739
6/02/2022,1.0644,1.0751
6/03/2022,1.0704,1.0765
6/06/2022,1.0684,1.0753
6/07/2022,1.0652,1.0715
6/08/2022,1.0671,1.0749
6/09/2022,1.061,1.0774
6/10/2022,1.0505,1.0644
6/13/2022,1.04,1.0521
6/14/2022,1.0397,1.0486
6/15/2022,1.0359,1.0509
6/16/2022,1.0381,1.0602
6/17/2022,1.0444,1.0561
6/20/2022,1.0472,1.0547
6/21/2022,1.0507,1.0583
6/22/2022,1.0469,1.0606
6/23/2022,1.0482,1.0582
6/24/2022,1.0511,1.0572
6/27/2022,1.0549,1.0616
6/28/2022,1.0503,1.0607
6/29/2022,1.0435,1.0537
6/30/2022,1.0382,1.0489
7/01/2022,1.0366,1.0486
7/04/2022,1.0417,1.0463
7/05/2022,1.0235,1.045
7/06/2022,1.0162,1.0277
7/07/2022,1.0143,1.0222
7/08/2022,1.0072,1.0193
7/11/2022,1.0034,1.0185
7/12/2022,1.0,1.0075
7/13/2022,0.9998,1.0123
7/14/2022,0.9952,1.0065
7/15/2022,1.0006,1.0099
7/18/2022,1.0078,1.0202
7/19/2022,1.012,1.0269
7/20/2022,1.0155,1.0274
7/21/2022,1.0154,1.0279
7/22/2022,1.013,1.0256
7/25/2022,1.0179,1.0259
7/26/2022,1.0107,1.0252
7/27/2022,1.0096,1.0221
7/28/2022,1.0114,1.0236
7/29/2022,1.0145,1.0255
8/01/2022,1.0205,1.0276
8/02/2022,1.0163,1.0295
8/03/2022,1.0122,1.021
8/04/2022,1.0154,1.0255
8/05/2022,1.0141,1.0253
8/08/2022,1.0159,1.0223
8/09/2022,1.0188,1.0248
8/10/2022,1.0202,1.037
8/11/2022,1.0275,1.0366
8/12/2022,1.0238,1.0328
8/15/2022,1.0155,1.0269
8/16/2022,1.0122,1.0196
8/17/2022,1.0145,1.0204
8/18/2022,1.008,1.0194
8/19/2022,1.0032,1.0097
8/22/2022,0.9926,1.0048
8/23/2022,0.99,1.0019
8/24/2022,0.991,1.0
8/25/2022,0.9949,1.0035
8/26/2022,0.9947,1.0091
8/29/2022,0.9914,1.003
8/30/2022,0.9982,1.0056
8/31/2022,0.9971,1.008
9/01/2022,0.9911,1.0057
9/02/2022,0.9943,1.0035
9/05/2022,0.9877,0.995
9/06/2022,0.9864,0.9987
9/07/2022,0.9875,1.0012
9/08/2022,0.9931,1.0031
9/09/2022,0.9995,1.0114
9/12/2022,1.0059,1.0199
9/13/2022,0.9966,1.0188
9/14/2022,0.9956,1.0025
9/15/2022,0.9956,1.0019
9/16/2022,0.9945,1.0037
9/19/2022,0.9966,1.003
9/20/2022,0.9955,1.0052
9/21/2022,0.9813,0.9978
9/22/2022,0.9809,0.9908
9/23/2022,0.9668,0.9853
9/26/2022,0.9567,0.9711
9/27/2022,0.9569,0.9672
9/28/2022,0.9536,0.9752
9/29/2022,0.9635,0.9817
9/30/2022,0.9735,0.9855
10/03/2022,0.9753,0.9846
10/04/2022,0.9806,1.0
10/05/2022,0.9834,0.9996
10/06/2022,0.9788,0.9927
10/07/2022,0.9726,0.9818
10/10/2022,0.9682,0.9754
10/11/2022,0.9672,0.9776
10/12/2022,0.9668,0.9735
10/13/2022,0.9632,0.9807
10/14/2022,0.9708,0.9809
10/17/2022,0.9719,0.9853
10/18/2022,0.9812,0.9877
10/19/2022,0.9757,0.9873
10/20/2022,0.9754,0.9846
10/21/2022,0.9705,0.987
10/24/2022,0.9807,0.99
10/25/2022,0.9848,0.9978
10/26/2022,0.9943,1.009
10/27/2022,0.9957,1.0095
10/28/2022,0.9926,0.9999
10/31/2022,0.9872,0.9967
11/01/2022,0.9853,0.9955
11/02/2022,0.9813,0.9977
11/03/2022,0.973,0.984
11/04/2022,0.9742,0.9968
11/07/2022,0.9899,1.0035
11/08/2022,0.9972,1.0097
11/09/2022,0.9993,1.0089
11/10/2022,0.9935,1.0223
11/11/2022,1.0163,1.0365
11/14/2022,1.0271,1.0368
11/15/2022,1.028,1.0482
11/16/2022,1.033,1.044
11/17/2022,1.0305,1.0408
11/18/2022,1.0313,1.0397
11/21/2022,1.0223,1.0334
11/22/2022,1.024,1.0309
11/23/2022,1.0297,1.0406
11/24/2022,1.0381,1.045
11/25/2022,1.0355,1.043
11/28/2022,1.033,1.0498
11/29/2022,1.032,1.0396
11/30/2022,1.029,1.0429
12/01/2022,1.0393,1.0535
12/02/2022,1.0427,1.0545
12/05/2022,1.048,1.0596
12/06/2022,1.0459,1.0534
12/07/2022,1.0442,1.0551
12/08/2022,1.0489,1.0566
12/09/2022,1.0507,1.0589
12/12/2022,1.0506,1.0581
12/13/2022,1.0528,1.0674
12/14/2022,1.0619,1.0696
12/15/2022,1.0592,1.0737
12/16/2022,1.0584,1.0664
12/19/2022,1.0576,1.0659
12/20/2022,1.0579,1.066
12/21/2022,1.0589,1.0646
12/22/2022,1.0572,1.066
12/23/2022,1.0586,1.0633
12/26/2022,1.0604,1.0638
12/27/2022,1.0611,1.067
12/28/2022,1.0606,1.0675
12/29/2022,1.0609,1.0691
12/30/2022,1.0639,1.0714
1/02/2023,1.065,1.0708
1/03/2023,1.0519,1.0684
1/04/2023,1.0541,1.0636
1/05/2023,1.0515,1.0633
1/06/2023,1.0483,1.0648
1/09/2023,1.0636,1.0762
1/10/2023,1.0711,1.076
1/11/2023,1.0725,1.0777
1/12/2023,1.073,1.0867
1/13/2023,1.078,1.0869
1/16/2023,1.0801,1.0875
1/17/2023,1.0774,1.087
1/18/2023,1.0766,1.0888
1/19/2023,1.0782,1.0841
1/20/2023,1.0802,1.086
1/23/2023,1.0846,1.0928
1/24/2023,1.0834,1.0899
1/25/2023,1.0856,1.0925
1/26/2023,1.085,1.093
1/27/2023,1.0837,1.0902
1/30/2023,1.0839,1.0915
1/31/2023,1.0802,1.0875
2/01/2023,1.0852,1.1002
2/02/2023,1.0885,1.1035
2/03/2023,1.0791,1.0941
2/06/2023,1.0709,1.08
2/07/2023,1.0667,1.0768
2/08/2023,1.0709,1.0762
2/09/2023,1.0709,1.0793
2/10/2023,1.0665,1.0753
2/13/2023,1.0655,1.073
2/14/2023,1.0707,1.0805
2/15/2023,1.066,1.0745
2/16/2023,1.0654,1.0723
2/17/2023,1.0612,1.0699
2/20/2023,1.067,1.0705
2/21/2023,1.0637,1.0699
2/22/2023,1.0599,1.0665
2/23/2023,1.0577,1.0629
2/24/2023,1.0536,1.0616
2/27/2023,1.0532,1.0621
2/28/2023,1.0574,1.0646
3/01/2023,1.0565,1.0692
3/02/2023,1.0576,1.0673
3/03/2023,1.0587,1.064
3/06/2023,1.0615,1.0695
3/07/2023,1.0545,1.0695
3/08/2023,1.0524,1.0575
3/09/2023,1.0538,1.0591
3/10/2023,1.0573,1.0702
3/13/2023,1.0646,1.0749
3/14/2023,1.0679,1.0751
3/15/2023,1.0516,1.0761
3/16/2023,1.055,1.0637
3/17/2023,1.0605,1.0686
3/20/2023,1.0631,1.0732
3/21/2023,1.0704,1.0789
3/22/2023,1.0759,1.0913
3/23/2023,1.0824,1.093
3/24/2023,1.0713,1.084
3/27/2023,1.0745,1.0801
3/28/2023,1.0795,1.085
3/29/2023,1.0817,1.0872
3/30/2023,1.0823,1.0927
3/31/2023,1.0837,1.0926
4/03/2023,1.0787,1.0918
4/04/2023,1.0883,1.0974
4/05/2023,1.089,1.097
4/06/2023,1.0884,1.0939
4/07/2023,1.0877,1.0926
4/10/2023,1.0831,1.0918
4/11/2023,1.0857,1.0928
4/12/2023,1.0911,1.1001
4/13/2023,1.0977,1.1069
4/14/2023,1.0972,1.1077
4/17/2023,1.0909,1.1001
4/18/2023,1.0922,1.0984
4/19/2023,1.0917,1.0985
4/20/2023,1.0932,1.0991
4/21/2023,1.0938,1.0995
4/24/2023,1.0966,1.1051
4/25/2023,1.0964,1.1067
4/26/2023,1.0967,1.1096
4/27/2023,1.0992,1.1064
4/28/2023,1.0962,1.1046
5/01/2023,1.0964,1.1038
5/02/2023,1.0942,1.1009
5/03/2023,1.1,1.1092
5/04/2023,1.0986,1.1092
5/05/2023,1.0966,1.1048
5/08/2023,1.1,1.1054
5/09/2023,1.0941,1.1006
5/10/2023,1.0941,1.1008
5/11/2023,1.09,1.0999
5/12/2023,1.0848,1.0937
5/15/2023,1.0845,1.0892
5/16/2023,1.0854,1.0905
5/17/2023,1.081,1.0875
5/18/2023,1.0762,1.0848
5/19/2023,1.076,1.0829
5/22/2023,1.0795,1.0832
5/23/2023,1.076,1.0822
5/24/2023,1.0747,1.0802
5/25/2023,1.0707,1.0758
5/26/2023,1.0701,1.076
5/29/2023,1.0705,1.0745
5/30/2023,1.0672,1.0747
5/31/2023,1.0635,1.0737
6/01/2023,1.0661,1.0769
6/02/2023,1.0705,1.078
6/05/2023,1.0674,1.0724
6/06/2023,1.0667,1.0734
6/07/2023,1.0667,1.0741
6/08/2023,1.0696,1.0787
6/09/2023,1.0743,1.0787
6/12/2023,1.0732,1.0791
6/13/2023,1.0755,1.0825
6/14/2023,1.0774,1.0865
6/15/2023,1.0803,1.0953
6/16/2023,1.0918,1.0971
6/19/2023,1.0907,1.0947
6/20/2023,1.0892,1.0947
6/21/2023,1.0905,1.0991
6/22/2023,1.0948,1.1012
6/23/2023,1.0843,1.096
6/26/2023,1.0887,1.0921
6/27/2023,1.0902,1.0978
6/28/2023,1.0897,1.0964
6/29/2023,1.086,1.0942
6/30/2023,1.0835,1.0932
7/03/2023,1.087,1.0934
7/04/2023,1.0877,1.0918
7/05/2023,1.085,1.0909
7/06/2023,1.0833,1.0901
7/07/2023,1.0867,1.0974
7/10/2023,1.0943,1.1003
7/11/2023,1.0977,1.1027
7/12/2023,1.1004,1.1141
7/13/2023,1.1128,1.1229
7/14/2023,1.1204,1.1246
7/17/2023,1.1203,1.125
7/18/2023,1.1208,1.1277
7/19/2023,1.1174,1.1241
7/20/2023,1.1118,1.1229
7/21/2023,1.1107,1.1146
7/24/2023,1.106,1.1147
7/25/2023,1.1021,1.1088
7/26/2023,1.1038,1.1107
7/27/2023,1.0966,1.1151
7/28/2023,1.0943,1.1048
7/31/2023,1.0993,1.1047
8/01/2023,1.0951,1.1004
8/02/2023,1.0918,1.1021
8/03/2023,1.0911,1.0964
8/04/2023,1.0934,1.1043
8/07/2023,1.0965,1.1019
8/08/2023,1.0928,1.1012
8/09/2023,1.0951,1.0996
8/10/2023,1.0966,1.1066
8/11/2023,1.0943,1.1006
8/14/2023,1.0874,1.0961
8/15/2023,1.0897,1.0953
8/16/2023,1.0871,1.0936
8/17/2023,1.0856,1.0919
8/18/2023,1.0845,1.0894
8/21/2023,1.0869,1.0915
8/22/2023,1.0833,1.0932
8/23/2023,1.0802,1.0873
8/24/2023,1.0805,1.0878
8/25/2023,1.0766,1.0843
8/28/2023,1.0793,1.0823
8/29/2023,1.0782,1.0892
8/30/2023,1.0854,1.0947
8/31/2023,1.0835,1.0941
9/01/2023,1.0771,1.0883
9/04/2023,1.0772,1.081
9/05/2023,1.0707,1.08
9/06/2023,1.0703,1.0749
9/07/2023,1.0686,1.0732
9/08/2023,1.0694,1.0745
9/11/2023,1.0707,1.076
9/12/2023,1.0705,1.0769
9/13/2023,1.0711,1.0766
9/14/2023,1.0631,1.0753
9/15/2023,1.0633,1.0689
9/18/2023,1.0655,1.07
9/19/2023,1.0673,1.0719
9/20/2023,1.065,1.0738
9/21/2023,1.0617,1.0675
9/22/2023,1.0614,1.0673
9/25/2023,1.0574,1.0657
9/26/2023,1.0562,1.061
9/27/2023,1.0488,1.0575
9/28/2023,1.049,1.058
9/29/2023,1.0558,1.0618
10/02/2023,1.0477,1.0593
10/03/2023,1.0448,1.0495
10/04/2023,1.0451,1.0534
10/05/2023,1.05,1.0553
10/06/2023,1.0482,1.0601
10/09/2023,1.0519,1.0575
10/10/2023,1.0554,1.0621
10/11/2023,1.058,1.0636
10/12/2023,1.0526,1.0641
10/13/2023,1.0495,1.056
10/16/2023,1.0507,1.0564
10/17/2023,1.0532,1.0596
10/18/2023,1.0522,1.0595
10/19/2023,1.0527,1.0618
10/20/2023,1.0564,1.0604
10/23/2023,1.057,1.0679
10/24/2023,1.0582,1.0695
10/25/2023,1.0564,1.0608
10/26/2023,1.0522,1.0575
10/27/2023,1.0535,1.0598
10/30/2023,1.0547,1.0626
10/31/2023,1.0556,1.0676
11/01/2023,1.0517,1.0582
11/02/2023,1.0566,1.0669
11/03/2023,1.0615,1.0747
11/06/2023,1.0716,1.0757
11/07/2023,1.0664,1.0724
11/08/2023,1.0659,1.0717
11/09/2023,1.066,1.0726
11/10/2023,1.0656,1.0694
11/13/2023,1.0665,1.0707
11/14/2023,1.0692,1.0888
11/15/2023,1.0831,1.0886
11/16/2023,1.0829,1.0897
11/17/2023,1.0825,1.0917
11/20/2023,1.0897,1.0953
11/21/2023,1.09,1.0966
11/22/2023,1.0852,1.0924
11/23/2023,1.0884,1.0932
11/24/2023,1.0894,1.0949
11/27/2023,1.0925,1.096
11/28/2023,1.0934,1.101
11/29/2023,1.096,1.1018
11/30/2023,1.0879,1.0985
12/01/2023,1.0829,1.0913
12/04/2023,1.0804,1.0896
12/05/2023,1.0778,1.0848
12/06/2023,1.0759,1.0805
12/07/2023,1.0755,1.0818
12/08/2023,1.0723,1.0802
12/11/2023,1.0741,1.078
12/12/2023,1.0759,1.0829
12/13/2023,1.0772,1.0898
12/14/2023,1.0872,1.101
12/15/2023,1.0888,1.1005
12/18/2023,1.0892,1.0932
12/19/2023,1.0915,1.0988
12/20/2023,1.093,1.0986
12/21/2023,1.0934,1.1014
12/22/2023,1.0993,1.1041
12/25/2023,1.0993,1.1022
12/26/2023,1.1008,1.1046
12/27/2023,1.1028,1.1124
12/28/2023,1.1054,1.1141
12/29/2023,1.1033,1.1086
1/01/2024,1.1036,1.1048
1/02/2024,1.0938,1.1046
1/03/2024,1.0892,1.0966
1/04/2024,1.0915,1.0973
1/05/2024,1.0877,1.1
1/08/2024,1.0923,1.098
1/09/2024,1.091,1.0967
1/10/2024,1.0923,1.0974
1/11/2024,1.093,1.0991
1/12/2024,1.0935,1.0987
1/15/2024,1.0933,1.0968
1/16/2024,1.0862,1.0952
1/17/2024,1.0844,1.0886
1/18/2024,1.0846,1.0907
1/19/2024,1.0865,1.0899
1/22/2024,1.088,1.0911
1/23/2024,1.0822,1.0917
1/24/2024,1.0845,1.0933
1/25/2024,1.0822,1.0903
1/26/2024,1.0812,1.0886
1/29/2024,1.0796,1.085
1/30/2024,1.0811,1.0858
1/31/2024,1.0795,1.0888
2/01/2024,1.0779,1.0876
2/02/2024,1.078,1.0899
2/05/2024,1.0723,1.0787
2/06/2024,1.0723,1.0763
2/07/2024,1.0753,1.0785
2/08/2024,1.0741,1.0789
2/09/2024,1.0762,1.0796
2/12/2024,1.0756,1.0806
2/13/2024,1.07,1.0796
2/14/2024,1.0695,1.0736
2/15/2024,1.0724,1.0785
2/16/2024,1.0732,1.0788
2/19/2024,1.0762,1.0791
2/20/2024,1.0762,1.084
2/21/2024,1.0789,1.0825
2/22/2024,1.0802,1.0889
2/23/2024,1.0812,1.0841
2/26/2024,1.0812,1.0861
2/27/2024,1.0832,1.0867
2/28/2024,1.0796,1.0848
2/29/2024,1.0795,1.0857
3/01/2024,1.0798,1.0844
3/04/2024,1.0838,1.0867
3/05/2024,1.084,1.0877
3/06/2024,1.0842,1.0916
3/07/2024,1.0867,1.095
3/08/2024,1.0919,1.0982
3/11/2024,1.0914,1.0949
3/12/2024,1.09,1.0946
3/13/2024,1.092,1.0965
3/14/2024,1.088,1.0955
3/15/2024,1.0873,1.0901
3/18/2024,1.0865,1.0907
3/19/2024,1.0834,1.0878
3/20/2024,1.0836,1.0924
3/21/2024,1.0855,1.0944
3/22/2024,1.0802,1.0869
3/25/2024,1.0802,1.0844
3/26/2024,1.0824,1.0865
3/27/2024,1.081,1.084
3/28/2024,1.0774,1.0829
3/29/2024,1.0767,1.0806
4/01/2024,1.073,1.08
4/02/2024,1.0724,1.078
4/03/2024,1.0764,1.0838
4/04/2024,1.0831,1.0878
4/05/2024,1.0791,1.0848
4/08/2024,1.082,1.0863
4/09/2024,1.0847,1.0886
4/10/2024,1.0728,1.0867
4/11/2024,1.0699,1.0758
4/12/2024,1.0622,1.073
4/15/2024,1.062,1.0666
4/16/2024,1.0601,1.0655
4/17/2024,1.0606,1.068
4/18/2024,1.0641,1.069
4/19/2024,1.061,1.0679
4/22/2024,1.0623,1.0671
4/23/2024,1.0638,1.0713
4/24/2024,1.0678,1.0715
4/25/2024,1.0678,1.074
4/26/2024,1.0673,1.0754
4/29/2024,1.069,1.0735
4/30/2024,1.0664,1.0736
5/01/2024,1.0649,1.0734
5/02/2024,1.0674,1.0731
5/03/2024,1.0724,1.0813
5/06/2024,1.0755,1.0791
5/07/2024,1.0747,1.0788
5/08/2024,1.0734,1.0758
5/09/2024,1.0724,1.0785
5/10/2024,1.076,1.0791
5/13/2024,1.0766,1.0808
5/14/2024,1.0766,1.0827
5/15/2024,1.0812,1.0886
5/16/2024,1.0854,1.0896
5/17/2024,1.0835,1.088
5/20/2024,1.0854,1.0886
5/21/2024,1.0843,1.0875
5/22/2024,1.0817,1.0865
5/23/2024,1.0805,1.0862
5/24/2024,1.0805,1.0859
5/27/2024,1.0841,1.0868
5/28/2024,1.0853,1.089
5/29/2024,1.08,1.0861
5/30/2024,1.0787,1.0846
5/31/2024,1.081,1.0883
6/03/2024,1.0827,1.0905
6/04/2024,1.0859,1.0917
6/05/2024,1.0854,1.0892
6/06/2024,1.0862,1.0903
6/07/2024,1.0799,1.0903
6/10/2024,1.0732,1.0798
6/11/2024,1.0719,1.0774
6/12/2024,1.0734,1.0853
6/13/2024,1.0732,1.0817
6/14/2024,1.0667,1.0745
6/17/2024,1.0686,1.0739
6/18/2024,1.0709,1.0763
6/19/2024,1.0724,1.0754
6/20/2024,1.0702,1.0749
6/21/2024,1.067,1.0722
6/24/2024,1.0683,1.0747
6/25/2024,1.069,1.0745
6/26/2024,1.0665,1.0719
6/27/2024,1.0677,1.0728
6/28/2024,1.0684,1.0726
7/01/2024,1.072,1.0777
7/02/2024,1.0709,1.0748
7/03/2024,1.0736,1.0818
7/04/2024,1.0783,1.0814
7/05/2024,1.0808,1.0844
7/08/2024,1.0802,1.0846
7/09/2024,1.0805,1.0834
7/10/2024,1.081,1.0831
7/11/2024,1.0827,1.0901
7/12/2024,1.0861,1.0912
7/15/2024,1.0883,1.0923
7/16/2024,1.0871,1.0907
7/17/2024,1.0894,1.0949
7/18/2024,1.0893,1.0942
7/19/2024,1.0875,1.0903
7/22/2024,1.0872,1.0904
7/23/2024,1.0844,1.0898
7/24/2024,1.0825,1.0867
7/25/2024,1.0827,1.0871
7/26/2024,1.0842,1.0869
7/29/2024,1.0803,1.0871
7/30/2024,1.0797,1.0837
7/31/2024,1.0802,1.085
8/01/2024,1.0777,1.0836
8/02/2024,1.0782,1.0926
8/05/2024,1.0892,1.1008
8/06/2024,1.0903,1.0964
8/07/2024,1.0905,1.0936
8/08/2024,1.0882,1.0946
8/09/2024,1.0909,1.0932
8/12/2024,1.0911,1.094
8/13/2024,1.0913,1.1
8/14/2024,1.0984,1.1048
8/15/2024,1.0949,1.1016
8/16/2024,1.097,1.103
8/19/2024,1.1023,1.1087
8/20/2024,1.1071,1.113
8/21/2024,1.11,1.1174
8/22/2024,1.1097,1.1166
8/23/2024,1.1105,1.1201
8/26/2024,1.1151,1.1202
8/27/2024,1.1151,1.1191
8/28/2024,1.1105,1.1187
8/29/2024,1.1055,1.1141
8/30/2024,1.1044,1.1096
9/02/2024,1.1042,1.1078
9/03/2024,1.1026,1.1073
9/04/2024,1.1038,1.1094
9/05/2024,1.1075,1.112
9/06/2024,1.1065,1.1155
9/09/2024,1.1033,1.1092
9/10/2024,1.1015,1.105
9/11/2024,1.1002,1.1054
9/12/2024,1.1005,1.1075
9/13/2024,1.1071,1.1102
9/16/2024,1.1074,1.1138
9/17/2024,1.1111,1.1147
9/18/2024,1.1096,1.1189
9/19/2024,1.1068,1.1179
9/20/2024,1.1136,1.1183
9/23/2024,1.1083,1.1168
9/24/2024,1.1103,1.1181
9/25/2024,1.1122,1.1214
9/26/2024,1.1126,1.1189
9/27/2024,1.1125,1.1203
9/30/2024,1.1113,1.1209
10/01/2024,1.1045,1.1145
10/02/2024,1.1033,1.1084
10/03/2024,1.1008,1.105
10/04/2024,1.0951,1.1041
10/07/2024,1.0955,1.0987
10/08/2024,1.0961,1.0998
10/09/2024,1.0936,1.0982
10/10/2024,1.09,1.0955
10/11/2024,1.0926,1.0954
10/14/2024,1.0888,1.0937
10/15/2024,1.0882,1.0917
10/16/2024,1.0854,1.0902
10/17/2024,1.0811,1.0873
10/18/2024,1.0825,1.0869
10/21/2024,1.0811,1.0873
10/22/2024,1.0793,1.0839
10/23/2024,1.0761,1.0807
10/24/2024,1.077,1.0829
10/25/2024,1.0793,1.084
10/28/2024,1.0782,1.0828
10/29/2024,1.0769,1.0827
10/30/2024,1.0808,1.0871
10/31/2024,1.0844,1.0888
11/01/2024,1.0832,1.0905
11/04/2024,1.0859,1.0915
11/05/2024,1.0872,1.0936
11/06/2024,1.0682,1.0938
11/07/2024,1.0713,1.0825
11/08/2024,1.0687,1.0806
11/11/2024,1.0629,1.0728
11/12/2024,1.0595,1.0664
11/13/2024,1.0556,1.0654
11/14/2024,1.0497,1.0583
11/15/2024,1.0517,1.0593
11/18/2024,1.053,1.0608
11/19/2024,1.0524,1.0602
11/20/2024,1.0508,1.061
11/21/2024,1.0462,1.0556
11/22/2024,1.0334,1.0499
11/25/2024,1.0428,1.053
11/26/2024,1.0425,1.0545
11/27/2024,1.0473,1.0588
11/28/2024,1.0527,1.057
11/29/2024,1.0541,1.0598
12/02/2024,1.046,1.0589
12/03/2024,1.0481,1.0536
12/04/2024,1.0472,1.0545
12/05/2024,1.0507,1.059
12/06/2024,1.0543,1.0631
12/09/2024,1.0532,1.0595
12/10/2024,1.0499,1.0568
12/11/2024,1.048,1.054
12/12/2024,1.0463,1.0531
12/13/2024,1.0453,1.0525
12/16/2024,1.0474,1.0526
12/17/2024,1.0479,1.0535
12/18/2024,1.0344,1.0514
12/19/2024,1.0347,1.0423
12/20/2024,1.0343,1.0448
12/23/2024,1.0383,1.0446
12/24/2024,1.0383,1.0411
12/25/2024,1.0397,1.0415
12/26/2024,1.039,1.043
12/27/2024,1.0405,1.0444
12/30/2024,1.0372,1.0459
12/31/2024,1.0344,1.0425
1/01/2025,1.035,1.036
1/02/2025,1.0225,1.0376
1/03/2025,1.0258,1.031
1/06/2025,1.0295,1.0438
1/07/2025,1.034,1.0436
1/08/2025,1.0274,1.0358
1/09/2025,1.0284,1.0322
1/10/2025,1.0216,1.0313
1/13/2025,1.0178,1.025
1/14/2025,1.0238,1.0309
1/15/2025,1.0259,1.0355
1/16/2025,1.0261,1.0315
1/17/2025,1.0265,1.0331
1/20/2025,1.0266,1.0435
1/21/2025,1.0342,1.0436
1/22/2025,1.0393,1.0458
1/23/2025,1.0372,1.0439
1/24/2025,1.0412,1.0523
1/27/2025,1.0454,1.0534
1/28/2025,1.0414,1.0495
1/29/2025,1.0382,1.0444
1/30/2025,1.0386,1.0468
1/31/2025,1.035,1.0435
2/03/2025,1.0146,1.035
2/04/2025,1.0272,1.0388
2/05/2025,1.037,1.0444
2/06/2025,1.0352,1.0406
2/07/2025,1.0305,1.0412
2/10/2025,1.028,1.0337
2/11/2025,1.0292,1.0381
2/12/2025,1.0317,1.043
2/13/2025,1.0373,1.0467
2/14/2025,1.0446,1.0515
2/17/2025,1.0467,1.0507
2/18/2025,1.0435,1.0488
2/19/2025,1.0401,1.0462
2/20/2025,1.0418,1.0504
2/21/2025,1.0448,1.0507
2/24/2025,1.0453,1.0529
2/25/2025,1.0456,1.052
2/26/2025,1.0475,1.0529
2/27/2025,1.0397,1.0494
2/28/2025,1.036,1.0421
3/03/2025,1.0381,1.0504
3/04/2025,1.0471,1.0628
3/05/2025,1.0602,1.0797
3/06/2025,1.0765,1.0854
3/07/2025,1.0781,1.089
3/10/2025,1.0805,1.0875
3/11/2025,1.0829,1.0947
3/12/2025,1.0875,1.0932
3/13/2025,1.0822,1.0898
3/14/2025,1.083,1.0913
3/17/2025,1.0868,1.093
3/18/2025,1.0892,1.0956
3/19/2025,1.0861,1.0947
3/20/2025,1.0815,1.0918
3/21/2025,1.0797,1.0862
3/24/2025,1.0781,1.0859
3/25/2025,1.0776,1.0831
3/26/2025,1.0744,1.0803
3/27/2025,1.0732,1.0822
3/28/2025,1.0764,1.0845
3/31/2025,1.0784,1.085
4/01/2025,1.0778,1.0831
4/02/2025,1.078,1.0925
4/03/2025,1.0805,1.1146
4/04/2025,1.0924,1.1109
4/07/2025,1.0883,1.1051
4/08/2025,1.0888,1.0993
4/09/2025,1.0913,1.1096
4/10/2025,1.0943,1.1242
4/11/2025,1.1189,1.1475
4/14/2025,1.1282,1.1425
4/15/2025,1.1264,1.1379
4/16/2025,1.1281,1.1413
4/17/2025,1.1336,1.141
4/18/2025,1.1358,1.1399
4/21/2025,1.1388,1.1574
4/22/2025,1.1417,1.1548
4/23/2025,1.1308,1.1441
4/24/2025,1.1313,1.1399
4/25/2025,1.1315,1.1395
4/28/2025,1.1329,1.1425
4/29/2025,1.137,1.1423
4/30/2025,1.1317,1.14
5/01/2025,1.1266,1.1342
5/02/2025,1.1273,1.1381
5/05/2025,1.1292,1.1365
5/06/2025,1.128,1.1382
5/07/2025,1.1292,1.1379
5/08/2025,1.1212,1.1337
5/09/2025,1.1196,1.1293
5/12/2025,1.1065,1.1244
5/13/2025,1.1084,1.1195
5/14/2025,1.1165,1.1266
5/15/2025,1.117,1.1229
5/16/2025,1.113,1.122
5/19/2025,1.117,1.1289
5/20/2025,1.1218,1.1287
5/21/2025,1.128,1.1363
5/22/2025,1.1255,1.1346
5/23/2025,1.1279,1.1376
5/26/2025,1.136,1.1419
5/27/2025,1.1323,1.1408
5/28/2025,1.1283,1.1346
5/29/2025,1.121,1.1385
5/30/2025,1.1313,1.1391
6/02/2025,1.1343,1.1451
6/03/2025,1.1364,1.1456
6/04/2025,1.1357,1.1435
6/05/2025,1.1404,1.1496
6/06/2025,1.137,1.1458
6/09/2025,1.1386,1.1439
6/10/2025,1.1373,1.1449
6/11/2025,1.1405,1.15
6/12/2025,1.1485,1.1632
6/13/2025,1.1489,1.1615
6/16/2025,1.1523,1.1615
6/17/2025,1.1475,1.1578
6/18/2025,1.1461,1.153
6/19/2025,1.1446,1.15
6/20/2025,1.149,1.1544
6/23/2025,1.1452,1.1582
6/24/2025,1.1574,1.1642
6/25/2025,1.159,1.1666
6/26/2025,1.1654,1.1745
6/27/2025,1.1681,1.1755
6/29/2025,1.1722,1.1739
6/30/2025,1.1705,1.1789
7/01/2025,1.1761,1.1831
7/02/2025,1.1747,1.1811
7/03/2025,1.1718,1.1811
7/04/2025,1.1753,1.1788
7/06/2025,1.1774,1.1787
7/07/2025,1.1765,1.1791
